--------------------------------------------------------
--  File created - Monday-March-23-2015   
--------------------------------------------------------
--------------------------------------------------------
--  DDL for Table EXPENSES
--------------------------------------------------------

  CREATE TABLE "GEORGI"."EXPENSES" 
   (	"ID" NUMBER(*,0), 
	"NAME" VARCHAR2(50 BYTE), 
	"CREATED_ON" DATE, 
	"VENDOR_ID" NUMBER(*,0)
   ) SEGMENT CREATION IMMEDIATE 
  PCTFREE 10 PCTUSED 40 INITRANS 1 MAXTRANS 255 NOCOMPRESS LOGGING
  STORAGE(INITIAL 65536 NEXT 1048576 MINEXTENTS 1 MAXEXTENTS 2147483645
  PCTINCREASE 0 FREELISTS 1 FREELIST GROUPS 1 BUFFER_POOL DEFAULT FLASH_CACHE DEFAULT CELL_FLASH_CACHE DEFAULT)
  TABLESPACE "SYSTEM" ;
--------------------------------------------------------
--  DDL for Table MEASURES
--------------------------------------------------------

  CREATE TABLE "GEORGI"."MEASURES" 
   (	"ID" NUMBER(*,0), 
	"NAME" VARCHAR2(30 BYTE)
   ) SEGMENT CREATION IMMEDIATE 
  PCTFREE 10 PCTUSED 40 INITRANS 1 MAXTRANS 255 NOCOMPRESS LOGGING
  STORAGE(INITIAL 65536 NEXT 1048576 MINEXTENTS 1 MAXEXTENTS 2147483645
  PCTINCREASE 0 FREELISTS 1 FREELIST GROUPS 1 BUFFER_POOL DEFAULT FLASH_CACHE DEFAULT CELL_FLASH_CACHE DEFAULT)
  TABLESPACE "SYSTEM" ;
--------------------------------------------------------
--  DDL for Table PRODUCTS
--------------------------------------------------------

  CREATE TABLE "GEORGI"."PRODUCTS" 
   (	"ID" NUMBER(*,0), 
	"NAME" VARCHAR2(50 BYTE), 
	"TAX" NUMBER, 
	"VENDOR_ID" NUMBER(*,0), 
	"MEASURE_ID" NUMBER(*,0)
   ) SEGMENT CREATION IMMEDIATE 
  PCTFREE 10 PCTUSED 40 INITRANS 1 MAXTRANS 255 NOCOMPRESS LOGGING
  STORAGE(INITIAL 65536 NEXT 1048576 MINEXTENTS 1 MAXEXTENTS 2147483645
  PCTINCREASE 0 FREELISTS 1 FREELIST GROUPS 1 BUFFER_POOL DEFAULT FLASH_CACHE DEFAULT CELL_FLASH_CACHE DEFAULT)
  TABLESPACE "SYSTEM" ;
--------------------------------------------------------
--  DDL for Table SALES
--------------------------------------------------------

  CREATE TABLE "GEORGI"."SALES" 
   (	"ID" NUMBER(*,0), 
	"SOLD_ON" DATE, 
	"PRICE_PER_UNIT" NUMBER, 
	"COST" NUMBER, 
	"SUPERMARKET_ID" NUMBER(*,0), 
	"PRODUCT_ID" NUMBER(*,0), 
	"QUANTITY" NUMBER(*,0)
   ) SEGMENT CREATION IMMEDIATE 
  PCTFREE 10 PCTUSED 40 INITRANS 1 MAXTRANS 255 NOCOMPRESS LOGGING
  STORAGE(INITIAL 65536 NEXT 1048576 MINEXTENTS 1 MAXEXTENTS 2147483645
  PCTINCREASE 0 FREELISTS 1 FREELIST GROUPS 1 BUFFER_POOL DEFAULT FLASH_CACHE DEFAULT CELL_FLASH_CACHE DEFAULT)
  TABLESPACE "SYSTEM" ;
--------------------------------------------------------
--  DDL for Table SUPERMARKETS
--------------------------------------------------------

  CREATE TABLE "GEORGI"."SUPERMARKETS" 
   (	"ID" NUMBER(*,0), 
	"NAME" VARCHAR2(50 BYTE)
   ) SEGMENT CREATION IMMEDIATE 
  PCTFREE 10 PCTUSED 40 INITRANS 1 MAXTRANS 255 NOCOMPRESS LOGGING
  STORAGE(INITIAL 65536 NEXT 1048576 MINEXTENTS 1 MAXEXTENTS 2147483645
  PCTINCREASE 0 FREELISTS 1 FREELIST GROUPS 1 BUFFER_POOL DEFAULT FLASH_CACHE DEFAULT CELL_FLASH_CACHE DEFAULT)
  TABLESPACE "SYSTEM" ;
--------------------------------------------------------
--  DDL for Table TOWNS
--------------------------------------------------------

  CREATE TABLE "GEORGI"."TOWNS" 
   (	"ID" NUMBER(*,0), 
	"NAME" VARCHAR2(50 BYTE)
   ) SEGMENT CREATION IMMEDIATE 
  PCTFREE 10 PCTUSED 40 INITRANS 1 MAXTRANS 255 NOCOMPRESS LOGGING
  STORAGE(INITIAL 65536 NEXT 1048576 MINEXTENTS 1 MAXEXTENTS 2147483645
  PCTINCREASE 0 FREELISTS 1 FREELIST GROUPS 1 BUFFER_POOL DEFAULT FLASH_CACHE DEFAULT CELL_FLASH_CACHE DEFAULT)
  TABLESPACE "SYSTEM" ;
--------------------------------------------------------
--  DDL for Table VENDORS
--------------------------------------------------------

  CREATE TABLE "GEORGI"."VENDORS" 
   (	"ID" NUMBER(*,0), 
	"NAME" VARCHAR2(20 BYTE)
   ) SEGMENT CREATION IMMEDIATE 
  PCTFREE 10 PCTUSED 40 INITRANS 1 MAXTRANS 255 NOCOMPRESS LOGGING
  STORAGE(INITIAL 65536 NEXT 1048576 MINEXTENTS 1 MAXEXTENTS 2147483645
  PCTINCREASE 0 FREELISTS 1 FREELIST GROUPS 1 BUFFER_POOL DEFAULT FLASH_CACHE DEFAULT CELL_FLASH_CACHE DEFAULT)
  TABLESPACE "SYSTEM" ;
REM INSERTING into GEORGI.EXPENSES
SET DEFINE OFF;
Insert into GEORGI.EXPENSES (ID,NAME,CREATED_ON,VENDOR_ID) values (1,'RENT',to_date('28-FEB-15','DD-MON-RR'),3);
Insert into GEORGI.EXPENSES (ID,NAME,CREATED_ON,VENDOR_ID) values (2,'TRANSPORT',to_date('28-FEB-15','DD-MON-RR'),6);
Insert into GEORGI.EXPENSES (ID,NAME,CREATED_ON,VENDOR_ID) values (3,'RENT',to_date('23-MAR-15','DD-MON-RR'),3);
Insert into GEORGI.EXPENSES (ID,NAME,CREATED_ON,VENDOR_ID) values (4,'TRANSPORT',to_date('22-MAR-15','DD-MON-RR'),5);
Insert into GEORGI.EXPENSES (ID,NAME,CREATED_ON,VENDOR_ID) values (5,'COURIER_SERVICES',to_date('21-MAR-15','DD-MON-RR'),6);
Insert into GEORGI.EXPENSES (ID,NAME,CREATED_ON,VENDOR_ID) values (6,'TRANSPORT',to_date('20-MAR-15','DD-MON-RR'),8);
Insert into GEORGI.EXPENSES (ID,NAME,CREATED_ON,VENDOR_ID) values (7,'RENT',to_date('19-MAR-15','DD-MON-RR'),4);
Insert into GEORGI.EXPENSES (ID,NAME,CREATED_ON,VENDOR_ID) values (8,'RENT',to_date('28-FEB-15','DD-MON-RR'),8);
Insert into GEORGI.EXPENSES (ID,NAME,CREATED_ON,VENDOR_ID) values (9,'TRANSPORT',to_date('28-FEB-15','DD-MON-RR'),2);
Insert into GEORGI.EXPENSES (ID,NAME,CREATED_ON,VENDOR_ID) values (10,'RENT',to_date('23-MAR-15','DD-MON-RR'),6);
Insert into GEORGI.EXPENSES (ID,NAME,CREATED_ON,VENDOR_ID) values (11,'TRANSPORT',to_date('22-MAR-15','DD-MON-RR'),6);
Insert into GEORGI.EXPENSES (ID,NAME,CREATED_ON,VENDOR_ID) values (12,'COURIER_SERVICES',to_date('21-MAR-15','DD-MON-RR'),3);
Insert into GEORGI.EXPENSES (ID,NAME,CREATED_ON,VENDOR_ID) values (13,'TRANSPORT',to_date('20-MAR-15','DD-MON-RR'),4);
Insert into GEORGI.EXPENSES (ID,NAME,CREATED_ON,VENDOR_ID) values (14,'RENT',to_date('19-MAR-15','DD-MON-RR'),7);
Insert into GEORGI.EXPENSES (ID,NAME,CREATED_ON,VENDOR_ID) values (15,'RENT',to_date('28-FEB-15','DD-MON-RR'),4);
Insert into GEORGI.EXPENSES (ID,NAME,CREATED_ON,VENDOR_ID) values (16,'TRANSPORT',to_date('28-FEB-15','DD-MON-RR'),5);
Insert into GEORGI.EXPENSES (ID,NAME,CREATED_ON,VENDOR_ID) values (17,'RENT',to_date('23-MAR-15','DD-MON-RR'),2);
Insert into GEORGI.EXPENSES (ID,NAME,CREATED_ON,VENDOR_ID) values (18,'TRANSPORT',to_date('22-MAR-15','DD-MON-RR'),7);
Insert into GEORGI.EXPENSES (ID,NAME,CREATED_ON,VENDOR_ID) values (19,'COURIER_SERVICES',to_date('21-MAR-15','DD-MON-RR'),5);
Insert into GEORGI.EXPENSES (ID,NAME,CREATED_ON,VENDOR_ID) values (20,'TRANSPORT',to_date('20-MAR-15','DD-MON-RR'),5);
Insert into GEORGI.EXPENSES (ID,NAME,CREATED_ON,VENDOR_ID) values (21,'RENT',to_date('19-MAR-15','DD-MON-RR'),3);
REM INSERTING into GEORGI.MEASURES
SET DEFINE OFF;
Insert into GEORGI.MEASURES (ID,NAME) values (1,'INCHES');
Insert into GEORGI.MEASURES (ID,NAME) values (2,'GRAMS');
Insert into GEORGI.MEASURES (ID,NAME) values (3,'KILOGRAMS');
REM INSERTING into GEORGI.PRODUCTS
SET DEFINE OFF;
Insert into GEORGI.PRODUCTS (ID,NAME,TAX,VENDOR_ID,MEASURE_ID) values (1,'THINKPAD',20,7,1);
Insert into GEORGI.PRODUCTS (ID,NAME,TAX,VENDOR_ID,MEASURE_ID) values (2,'STUDIO',20,5,1);
Insert into GEORGI.PRODUCTS (ID,NAME,TAX,VENDOR_ID,MEASURE_ID) values (3,'SATELITE',20,9,1);
Insert into GEORGI.PRODUCTS (ID,NAME,TAX,VENDOR_ID,MEASURE_ID) values (4,'VAIO',20,8,1);
Insert into GEORGI.PRODUCTS (ID,NAME,TAX,VENDOR_ID,MEASURE_ID) values (5,'ASPIRE',20,1,1);
Insert into GEORGI.PRODUCTS (ID,NAME,TAX,VENDOR_ID,MEASURE_ID) values (6,'YOGA',20,7,1);
Insert into GEORGI.PRODUCTS (ID,NAME,TAX,VENDOR_ID,MEASURE_ID) values (7,'E SERIES',20,7,1);
Insert into GEORGI.PRODUCTS (ID,NAME,TAX,VENDOR_ID,MEASURE_ID) values (8,'X SERIES',20,7,1);
REM INSERTING into GEORGI.SALES
SET DEFINE OFF;
Insert into GEORGI.SALES (ID,SOLD_ON,PRICE_PER_UNIT,COST,SUPERMARKET_ID,PRODUCT_ID,QUANTITY) values (1,to_date('15-MAR-15','DD-MON-RR'),1044,444,2,7,2);
Insert into GEORGI.SALES (ID,SOLD_ON,PRICE_PER_UNIT,COST,SUPERMARKET_ID,PRODUCT_ID,QUANTITY) values (2,to_date('14-MAR-15','DD-MON-RR'),1132,534,4,3,8);
Insert into GEORGI.SALES (ID,SOLD_ON,PRICE_PER_UNIT,COST,SUPERMARKET_ID,PRODUCT_ID,QUANTITY) values (3,to_date('13-MAR-15','DD-MON-RR'),1709,715,4,1,3);
Insert into GEORGI.SALES (ID,SOLD_ON,PRICE_PER_UNIT,COST,SUPERMARKET_ID,PRODUCT_ID,QUANTITY) values (4,to_date('12-MAR-15','DD-MON-RR'),1966,636,4,7,8);
Insert into GEORGI.SALES (ID,SOLD_ON,PRICE_PER_UNIT,COST,SUPERMARKET_ID,PRODUCT_ID,QUANTITY) values (5,to_date('11-MAR-15','DD-MON-RR'),1507,533,1,1,1);
Insert into GEORGI.SALES (ID,SOLD_ON,PRICE_PER_UNIT,COST,SUPERMARKET_ID,PRODUCT_ID,QUANTITY) values (6,to_date('10-MAR-15','DD-MON-RR'),1730,695,1,6,5);
Insert into GEORGI.SALES (ID,SOLD_ON,PRICE_PER_UNIT,COST,SUPERMARKET_ID,PRODUCT_ID,QUANTITY) values (7,to_date('09-MAR-15','DD-MON-RR'),1468,729,2,6,5);
Insert into GEORGI.SALES (ID,SOLD_ON,PRICE_PER_UNIT,COST,SUPERMARKET_ID,PRODUCT_ID,QUANTITY) values (8,to_date('08-MAR-15','DD-MON-RR'),1313,663,3,7,10);
Insert into GEORGI.SALES (ID,SOLD_ON,PRICE_PER_UNIT,COST,SUPERMARKET_ID,PRODUCT_ID,QUANTITY) values (9,to_date('07-MAR-15','DD-MON-RR'),1832,579,1,4,5);
Insert into GEORGI.SALES (ID,SOLD_ON,PRICE_PER_UNIT,COST,SUPERMARKET_ID,PRODUCT_ID,QUANTITY) values (10,to_date('06-MAR-15','DD-MON-RR'),1918,669,3,6,9);
Insert into GEORGI.SALES (ID,SOLD_ON,PRICE_PER_UNIT,COST,SUPERMARKET_ID,PRODUCT_ID,QUANTITY) values (11,to_date('05-MAR-15','DD-MON-RR'),879,402,4,6,7);
Insert into GEORGI.SALES (ID,SOLD_ON,PRICE_PER_UNIT,COST,SUPERMARKET_ID,PRODUCT_ID,QUANTITY) values (12,to_date('04-MAR-15','DD-MON-RR'),1813,717,3,8,5);
Insert into GEORGI.SALES (ID,SOLD_ON,PRICE_PER_UNIT,COST,SUPERMARKET_ID,PRODUCT_ID,QUANTITY) values (13,to_date('03-MAR-15','DD-MON-RR'),1772,798,1,3,10);
Insert into GEORGI.SALES (ID,SOLD_ON,PRICE_PER_UNIT,COST,SUPERMARKET_ID,PRODUCT_ID,QUANTITY) values (14,to_date('02-MAR-15','DD-MON-RR'),1580,647,2,5,8);
Insert into GEORGI.SALES (ID,SOLD_ON,PRICE_PER_UNIT,COST,SUPERMARKET_ID,PRODUCT_ID,QUANTITY) values (15,to_date('01-MAR-15','DD-MON-RR'),1210,548,2,7,9);
Insert into GEORGI.SALES (ID,SOLD_ON,PRICE_PER_UNIT,COST,SUPERMARKET_ID,PRODUCT_ID,QUANTITY) values (16,to_date('28-FEB-15','DD-MON-RR'),1347,468,1,7,1);
Insert into GEORGI.SALES (ID,SOLD_ON,PRICE_PER_UNIT,COST,SUPERMARKET_ID,PRODUCT_ID,QUANTITY) values (17,to_date('27-FEB-15','DD-MON-RR'),1874,448,4,1,3);
Insert into GEORGI.SALES (ID,SOLD_ON,PRICE_PER_UNIT,COST,SUPERMARKET_ID,PRODUCT_ID,QUANTITY) values (18,to_date('26-FEB-15','DD-MON-RR'),1685,506,2,6,3);
Insert into GEORGI.SALES (ID,SOLD_ON,PRICE_PER_UNIT,COST,SUPERMARKET_ID,PRODUCT_ID,QUANTITY) values (19,to_date('25-FEB-15','DD-MON-RR'),1943,786,4,8,2);
Insert into GEORGI.SALES (ID,SOLD_ON,PRICE_PER_UNIT,COST,SUPERMARKET_ID,PRODUCT_ID,QUANTITY) values (20,to_date('24-FEB-15','DD-MON-RR'),841,422,2,1,2);
Insert into GEORGI.SALES (ID,SOLD_ON,PRICE_PER_UNIT,COST,SUPERMARKET_ID,PRODUCT_ID,QUANTITY) values (21,to_date('23-FEB-15','DD-MON-RR'),1503,640,2,1,4);
Insert into GEORGI.SALES (ID,SOLD_ON,PRICE_PER_UNIT,COST,SUPERMARKET_ID,PRODUCT_ID,QUANTITY) values (22,to_date('22-FEB-15','DD-MON-RR'),1517,719,3,5,6);
Insert into GEORGI.SALES (ID,SOLD_ON,PRICE_PER_UNIT,COST,SUPERMARKET_ID,PRODUCT_ID,QUANTITY) values (23,to_date('21-FEB-15','DD-MON-RR'),927,404,3,6,9);
Insert into GEORGI.SALES (ID,SOLD_ON,PRICE_PER_UNIT,COST,SUPERMARKET_ID,PRODUCT_ID,QUANTITY) values (24,to_date('20-FEB-15','DD-MON-RR'),968,791,1,5,3);
Insert into GEORGI.SALES (ID,SOLD_ON,PRICE_PER_UNIT,COST,SUPERMARKET_ID,PRODUCT_ID,QUANTITY) values (25,to_date('19-FEB-15','DD-MON-RR'),1180,743,1,2,1);
Insert into GEORGI.SALES (ID,SOLD_ON,PRICE_PER_UNIT,COST,SUPERMARKET_ID,PRODUCT_ID,QUANTITY) values (26,to_date('18-FEB-15','DD-MON-RR'),965,787,4,6,5);
Insert into GEORGI.SALES (ID,SOLD_ON,PRICE_PER_UNIT,COST,SUPERMARKET_ID,PRODUCT_ID,QUANTITY) values (27,to_date('17-FEB-15','DD-MON-RR'),1510,552,1,7,8);
Insert into GEORGI.SALES (ID,SOLD_ON,PRICE_PER_UNIT,COST,SUPERMARKET_ID,PRODUCT_ID,QUANTITY) values (28,to_date('16-FEB-15','DD-MON-RR'),1370,532,1,2,2);
Insert into GEORGI.SALES (ID,SOLD_ON,PRICE_PER_UNIT,COST,SUPERMARKET_ID,PRODUCT_ID,QUANTITY) values (29,to_date('15-FEB-15','DD-MON-RR'),882,774,3,2,3);
Insert into GEORGI.SALES (ID,SOLD_ON,PRICE_PER_UNIT,COST,SUPERMARKET_ID,PRODUCT_ID,QUANTITY) values (30,to_date('14-FEB-15','DD-MON-RR'),1380,583,2,1,6);
REM INSERTING into GEORGI.SUPERMARKETS
SET DEFINE OFF;
Insert into GEORGI.SUPERMARKETS (ID,NAME) values (1,'TECHNOPOLIS');
Insert into GEORGI.SUPERMARKETS (ID,NAME) values (2,'TECHNOMARKET');
Insert into GEORGI.SUPERMARKETS (ID,NAME) values (3,'CARREFOUR');
Insert into GEORGI.SUPERMARKETS (ID,NAME) values (4,'KAUFLAND');
REM INSERTING into GEORGI.TOWNS
SET DEFINE OFF;
Insert into GEORGI.TOWNS (ID,NAME) values (1,'ASENOVGRAD');
Insert into GEORGI.TOWNS (ID,NAME) values (2,'BANSKO');
Insert into GEORGI.TOWNS (ID,NAME) values (3,'BLAGOEVGRAD');
Insert into GEORGI.TOWNS (ID,NAME) values (4,'BOTEVGRAD');
Insert into GEORGI.TOWNS (ID,NAME) values (5,'BOURGAS');
Insert into GEORGI.TOWNS (ID,NAME) values (6,'DEVIN');
Insert into GEORGI.TOWNS (ID,NAME) values (7,'DIMOVO');
Insert into GEORGI.TOWNS (ID,NAME) values (8,'DOBRICH');
Insert into GEORGI.TOWNS (ID,NAME) values (9,'DVE MOGILI');
Insert into GEORGI.TOWNS (ID,NAME) values (10,'GABROVO');
Insert into GEORGI.TOWNS (ID,NAME) values (11,'KRESNA');
Insert into GEORGI.TOWNS (ID,NAME) values (12,'KUBRAT');
Insert into GEORGI.TOWNS (ID,NAME) values (13,'KULA');
Insert into GEORGI.TOWNS (ID,NAME) values (14,'LITTLE TARNOVO');
Insert into GEORGI.TOWNS (ID,NAME) values (15,'LOVERBOY');
Insert into GEORGI.TOWNS (ID,NAME) values (16,'LUCKY');
Insert into GEORGI.TOWNS (ID,NAME) values (17,'MONTANA');
Insert into GEORGI.TOWNS (ID,NAME) values (18,'RAZLOG');
Insert into GEORGI.TOWNS (ID,NAME) values (19,'SADOVO');
Insert into GEORGI.TOWNS (ID,NAME) values (20,'SANDANSKI');
Insert into GEORGI.TOWNS (ID,NAME) values (21,'SHABLA');
Insert into GEORGI.TOWNS (ID,NAME) values (22,'SHOWMEN');
Insert into GEORGI.TOWNS (ID,NAME) values (23,'SIMITLI');
Insert into GEORGI.TOWNS (ID,NAME) values (24,'SOFIA');
Insert into GEORGI.TOWNS (ID,NAME) values (25,'SVOGE');
Insert into GEORGI.TOWNS (ID,NAME) values (26,'TUTRAKAN');
Insert into GEORGI.TOWNS (ID,NAME) values (27,'VIDIN');
Insert into GEORGI.TOWNS (ID,NAME) values (28,'YAMBOL');
Insert into GEORGI.TOWNS (ID,NAME) values (29,'ZEMEN');
REM INSERTING into GEORGI.VENDORS
SET DEFINE OFF;
Insert into GEORGI.VENDORS (ID,NAME) values (1,'ACER');
Insert into GEORGI.VENDORS (ID,NAME) values (2,'APPLE');
Insert into GEORGI.VENDORS (ID,NAME) values (3,'ASUS');
Insert into GEORGI.VENDORS (ID,NAME) values (4,'BENQ');
Insert into GEORGI.VENDORS (ID,NAME) values (5,'DELL');
Insert into GEORGI.VENDORS (ID,NAME) values (6,'HP');
Insert into GEORGI.VENDORS (ID,NAME) values (7,'LENOVO');
Insert into GEORGI.VENDORS (ID,NAME) values (8,'SONY');
Insert into GEORGI.VENDORS (ID,NAME) values (9,'TOSHIBA');
--------------------------------------------------------
--  DDL for Index TOWNS_PK
--------------------------------------------------------

  CREATE UNIQUE INDEX "GEORGI"."TOWNS_PK" ON "GEORGI"."TOWNS" ("ID") 
  PCTFREE 10 INITRANS 2 MAXTRANS 255 COMPUTE STATISTICS 
  STORAGE(INITIAL 65536 NEXT 1048576 MINEXTENTS 1 MAXEXTENTS 2147483645
  PCTINCREASE 0 FREELISTS 1 FREELIST GROUPS 1 BUFFER_POOL DEFAULT FLASH_CACHE DEFAULT CELL_FLASH_CACHE DEFAULT)
  TABLESPACE "SYSTEM" ;
--------------------------------------------------------
--  DDL for Index EXPENSES_PK
--------------------------------------------------------

  CREATE UNIQUE INDEX "GEORGI"."EXPENSES_PK" ON "GEORGI"."EXPENSES" ("ID") 
  PCTFREE 10 INITRANS 2 MAXTRANS 255 COMPUTE STATISTICS 
  STORAGE(INITIAL 65536 NEXT 1048576 MINEXTENTS 1 MAXEXTENTS 2147483645
  PCTINCREASE 0 FREELISTS 1 FREELIST GROUPS 1 BUFFER_POOL DEFAULT FLASH_CACHE DEFAULT CELL_FLASH_CACHE DEFAULT)
  TABLESPACE "SYSTEM" ;
--------------------------------------------------------
--  DDL for Index SALES_PK
--------------------------------------------------------

  CREATE UNIQUE INDEX "GEORGI"."SALES_PK" ON "GEORGI"."SALES" ("ID") 
  PCTFREE 10 INITRANS 2 MAXTRANS 255 
  STORAGE(INITIAL 65536 NEXT 1048576 MINEXTENTS 1 MAXEXTENTS 2147483645
  PCTINCREASE 0 FREELISTS 1 FREELIST GROUPS 1 BUFFER_POOL DEFAULT FLASH_CACHE DEFAULT CELL_FLASH_CACHE DEFAULT)
  TABLESPACE "SYSTEM" ;
--------------------------------------------------------
--  DDL for Index SUPERMARKETS_PK
--------------------------------------------------------

  CREATE UNIQUE INDEX "GEORGI"."SUPERMARKETS_PK" ON "GEORGI"."SUPERMARKETS" ("ID") 
  PCTFREE 10 INITRANS 2 MAXTRANS 255 COMPUTE STATISTICS 
  STORAGE(INITIAL 65536 NEXT 1048576 MINEXTENTS 1 MAXEXTENTS 2147483645
  PCTINCREASE 0 FREELISTS 1 FREELIST GROUPS 1 BUFFER_POOL DEFAULT FLASH_CACHE DEFAULT CELL_FLASH_CACHE DEFAULT)
  TABLESPACE "SYSTEM" ;
--------------------------------------------------------
--  DDL for Index VENDORS_PK
--------------------------------------------------------

  CREATE UNIQUE INDEX "GEORGI"."VENDORS_PK" ON "GEORGI"."VENDORS" ("ID") 
  PCTFREE 10 INITRANS 2 MAXTRANS 255 COMPUTE STATISTICS 
  STORAGE(INITIAL 65536 NEXT 1048576 MINEXTENTS 1 MAXEXTENTS 2147483645
  PCTINCREASE 0 FREELISTS 1 FREELIST GROUPS 1 BUFFER_POOL DEFAULT FLASH_CACHE DEFAULT CELL_FLASH_CACHE DEFAULT)
  TABLESPACE "SYSTEM" ;
--------------------------------------------------------
--  DDL for Index MEASURES_PK
--------------------------------------------------------

  CREATE UNIQUE INDEX "GEORGI"."MEASURES_PK" ON "GEORGI"."MEASURES" ("ID") 
  PCTFREE 10 INITRANS 2 MAXTRANS 255 COMPUTE STATISTICS 
  STORAGE(INITIAL 65536 NEXT 1048576 MINEXTENTS 1 MAXEXTENTS 2147483645
  PCTINCREASE 0 FREELISTS 1 FREELIST GROUPS 1 BUFFER_POOL DEFAULT FLASH_CACHE DEFAULT CELL_FLASH_CACHE DEFAULT)
  TABLESPACE "SYSTEM" ;
--------------------------------------------------------
--  DDL for Index PRODUCTS_PK
--------------------------------------------------------

  CREATE UNIQUE INDEX "GEORGI"."PRODUCTS_PK" ON "GEORGI"."PRODUCTS" ("ID") 
  PCTFREE 10 INITRANS 2 MAXTRANS 255 COMPUTE STATISTICS 
  STORAGE(INITIAL 65536 NEXT 1048576 MINEXTENTS 1 MAXEXTENTS 2147483645
  PCTINCREASE 0 FREELISTS 1 FREELIST GROUPS 1 BUFFER_POOL DEFAULT FLASH_CACHE DEFAULT CELL_FLASH_CACHE DEFAULT)
  TABLESPACE "SYSTEM" ;
--------------------------------------------------------
--  Constraints for Table EXPENSES
--------------------------------------------------------

  ALTER TABLE "GEORGI"."EXPENSES" ADD CONSTRAINT "EXPENSES_PK" PRIMARY KEY ("ID")
  USING INDEX PCTFREE 10 INITRANS 2 MAXTRANS 255 COMPUTE STATISTICS 
  STORAGE(INITIAL 65536 NEXT 1048576 MINEXTENTS 1 MAXEXTENTS 2147483645
  PCTINCREASE 0 FREELISTS 1 FREELIST GROUPS 1 BUFFER_POOL DEFAULT FLASH_CACHE DEFAULT CELL_FLASH_CACHE DEFAULT)
  TABLESPACE "SYSTEM"  ENABLE;
  ALTER TABLE "GEORGI"."EXPENSES" MODIFY ("VENDOR_ID" NOT NULL ENABLE);
  ALTER TABLE "GEORGI"."EXPENSES" MODIFY ("CREATED_ON" NOT NULL ENABLE);
  ALTER TABLE "GEORGI"."EXPENSES" MODIFY ("NAME" NOT NULL ENABLE);
  ALTER TABLE "GEORGI"."EXPENSES" MODIFY ("ID" NOT NULL ENABLE);
--------------------------------------------------------
--  Constraints for Table VENDORS
--------------------------------------------------------

  ALTER TABLE "GEORGI"."VENDORS" ADD CONSTRAINT "VENDORS_PK" PRIMARY KEY ("ID")
  USING INDEX PCTFREE 10 INITRANS 2 MAXTRANS 255 COMPUTE STATISTICS 
  STORAGE(INITIAL 65536 NEXT 1048576 MINEXTENTS 1 MAXEXTENTS 2147483645
  PCTINCREASE 0 FREELISTS 1 FREELIST GROUPS 1 BUFFER_POOL DEFAULT FLASH_CACHE DEFAULT CELL_FLASH_CACHE DEFAULT)
  TABLESPACE "SYSTEM"  ENABLE;
  ALTER TABLE "GEORGI"."VENDORS" MODIFY ("NAME" NOT NULL ENABLE);
  ALTER TABLE "GEORGI"."VENDORS" MODIFY ("ID" NOT NULL ENABLE);
--------------------------------------------------------
--  Constraints for Table PRODUCTS
--------------------------------------------------------

  ALTER TABLE "GEORGI"."PRODUCTS" ADD CONSTRAINT "PRODUCTS_PK" PRIMARY KEY ("ID")
  USING INDEX PCTFREE 10 INITRANS 2 MAXTRANS 255 COMPUTE STATISTICS 
  STORAGE(INITIAL 65536 NEXT 1048576 MINEXTENTS 1 MAXEXTENTS 2147483645
  PCTINCREASE 0 FREELISTS 1 FREELIST GROUPS 1 BUFFER_POOL DEFAULT FLASH_CACHE DEFAULT CELL_FLASH_CACHE DEFAULT)
  TABLESPACE "SYSTEM"  ENABLE;
  ALTER TABLE "GEORGI"."PRODUCTS" MODIFY ("ID" NOT NULL ENABLE);
  ALTER TABLE "GEORGI"."PRODUCTS" MODIFY ("MEASURE_ID" NOT NULL ENABLE);
  ALTER TABLE "GEORGI"."PRODUCTS" MODIFY ("VENDOR_ID" NOT NULL ENABLE);
  ALTER TABLE "GEORGI"."PRODUCTS" MODIFY ("TAX" NOT NULL ENABLE);
  ALTER TABLE "GEORGI"."PRODUCTS" MODIFY ("NAME" NOT NULL ENABLE);
--------------------------------------------------------
--  Constraints for Table MEASURES
--------------------------------------------------------

  ALTER TABLE "GEORGI"."MEASURES" ADD CONSTRAINT "MEASURES_PK" PRIMARY KEY ("ID")
  USING INDEX PCTFREE 10 INITRANS 2 MAXTRANS 255 COMPUTE STATISTICS 
  STORAGE(INITIAL 65536 NEXT 1048576 MINEXTENTS 1 MAXEXTENTS 2147483645
  PCTINCREASE 0 FREELISTS 1 FREELIST GROUPS 1 BUFFER_POOL DEFAULT FLASH_CACHE DEFAULT CELL_FLASH_CACHE DEFAULT)
  TABLESPACE "SYSTEM"  ENABLE;
  ALTER TABLE "GEORGI"."MEASURES" MODIFY ("NAME" NOT NULL ENABLE);
  ALTER TABLE "GEORGI"."MEASURES" MODIFY ("ID" NOT NULL ENABLE);
--------------------------------------------------------
--  Constraints for Table SALES
--------------------------------------------------------

  ALTER TABLE "GEORGI"."SALES" MODIFY ("QUANTITY" NOT NULL ENABLE);
  ALTER TABLE "GEORGI"."SALES" ADD CONSTRAINT "SALES_PK" PRIMARY KEY ("ID")
  USING INDEX PCTFREE 10 INITRANS 2 MAXTRANS 255 
  STORAGE(INITIAL 65536 NEXT 1048576 MINEXTENTS 1 MAXEXTENTS 2147483645
  PCTINCREASE 0 FREELISTS 1 FREELIST GROUPS 1 BUFFER_POOL DEFAULT FLASH_CACHE DEFAULT CELL_FLASH_CACHE DEFAULT)
  TABLESPACE "SYSTEM"  ENABLE;
  ALTER TABLE "GEORGI"."SALES" MODIFY ("PRODUCT_ID" NOT NULL ENABLE);
  ALTER TABLE "GEORGI"."SALES" MODIFY ("SUPERMARKET_ID" NOT NULL ENABLE);
  ALTER TABLE "GEORGI"."SALES" MODIFY ("SOLD_ON" NOT NULL ENABLE);
  ALTER TABLE "GEORGI"."SALES" MODIFY ("ID" NOT NULL ENABLE);
--------------------------------------------------------
--  Constraints for Table SUPERMARKETS
--------------------------------------------------------

  ALTER TABLE "GEORGI"."SUPERMARKETS" ADD CONSTRAINT "SUPERMARKETS_PK" PRIMARY KEY ("ID")
  USING INDEX PCTFREE 10 INITRANS 2 MAXTRANS 255 COMPUTE STATISTICS 
  STORAGE(INITIAL 65536 NEXT 1048576 MINEXTENTS 1 MAXEXTENTS 2147483645
  PCTINCREASE 0 FREELISTS 1 FREELIST GROUPS 1 BUFFER_POOL DEFAULT FLASH_CACHE DEFAULT CELL_FLASH_CACHE DEFAULT)
  TABLESPACE "SYSTEM"  ENABLE;
  ALTER TABLE "GEORGI"."SUPERMARKETS" MODIFY ("NAME" NOT NULL ENABLE);
  ALTER TABLE "GEORGI"."SUPERMARKETS" MODIFY ("ID" NOT NULL ENABLE);
--------------------------------------------------------
--  Constraints for Table TOWNS
--------------------------------------------------------

  ALTER TABLE "GEORGI"."TOWNS" ADD CONSTRAINT "TOWNS_PK" PRIMARY KEY ("ID")
  USING INDEX PCTFREE 10 INITRANS 2 MAXTRANS 255 COMPUTE STATISTICS 
  STORAGE(INITIAL 65536 NEXT 1048576 MINEXTENTS 1 MAXEXTENTS 2147483645
  PCTINCREASE 0 FREELISTS 1 FREELIST GROUPS 1 BUFFER_POOL DEFAULT FLASH_CACHE DEFAULT CELL_FLASH_CACHE DEFAULT)
  TABLESPACE "SYSTEM"  ENABLE;
  ALTER TABLE "GEORGI"."TOWNS" MODIFY ("NAME" NOT NULL ENABLE);
  ALTER TABLE "GEORGI"."TOWNS" MODIFY ("ID" NOT NULL ENABLE);
